perfect;0;
prune/cereal;1;
straight;2;
/>Trip;3;
plate,;4;
significantly;5;
start:<br;6;
properties;7;
/>P.S.;8;
constipation:<br;9;
filled,;10;
crackle;11;
exotic,;12;
hem.;13;
finish;14;
constipation,;15;
nuke;16;
forced;17;
decor.;18;
physical;19;
receive;20;
until;21;
sauce,;22;
across;23;
one;24;
switching;25;
boys;26;
Chia.<br;27;
gm;28;
is,;29;
aren't;30;
disappointment!!;31;
both;32;
smoothest,;33;
b/c;34;
vitamins/minerals.;35;
supernatural;36;
feeding;37;
gastroenterologists.;38;
oatmeal,;39;
value.;40;
microwave.;41;
order;42;
total;43;
helped?;44;
below,;45;
@;46;
cholesteroal;47;
day;48;
THIS;49;
/>I'm;50;
need;51;
hype...;52;
stop;53;
friend;54;
Chips;55;
weak,;56;
girlfriend;57;
Mac's;58;
4,Number;59;
Others,;60;
doctor;61;
convient;62;
looks;63;
am,;64;
fatty;65;
gag;66;
it...and;67;
her.;68;
physiologic;69;
nachos.;70;
organisms",;71;
accustomed;72;
Oh,;73;
GMOs!);74;
no-iron;75;
previously;76;
higher.;77;
sorta;78;
pretty;79;
One;80;
very,;81;
us;82;
48;83;
wonders.<br;84;
flakes;85;
Wal-Mart;86;
version;;87;
home;88;
baby;89;
lifeDHA;90;
infants;91;
THEM!!!!!;92;
/>Martek's;93;
baseball;94;
Rotten;95;
(1;96;
cook.;97;
enjoy;98;
body;99;
box;100;
convenient.;101;
Both;102;
puffy;;103;
weeks.;104;
price;105;
1/4;106;
/>If;107;
change;108;
for...it's;109;
rinds.;110;
ready;111;
forget!;112;
footrace;113;
GROSS!!!;114;
dilation;115;
good,;116;
VERY;117;
Non-Organic;118;
live;119;
long,;120;
mixing;121;
peanut;122;
Those;123;
saves;124;
totally;125;
fine.;126;
sells;127;
3lb;128;
may;129;
500;130;
must;131;
nutrients;132;
claiming;133;
bag.<br;134;
let's;135;
pair;136;
all,;137;
arteries;138;
volatile;139;
release;140;
Food;141;
American;142;
glucose;143;
careful;144;
contains;145;
top,;146;
like.<br;147;
contributors;148;
recall.<br;149;
rinds,;150;
/>Top;151;
badly;152;
to!!;153;
26,;154;
lemonade;155;
save;156;
Bite....;157;
switched.;158;
excellent;159;
patents;160;
Good;161;
residue;162;
procedure.;163;
stool);164;
posting;165;
own;166;
case;167;
bone;168;
terrible.;169;
stray;170;
fermentation;171;
Blues,;172;
try.<br;173;
park;174;
when;175;
lot;176;
toward;177;
obstruction);178;
Amazon.com;179;
diaper;180;
she;181;
son;182;
varieties;183;
periodically;184;
As;185;
cream;186;
world;187;
distinguishes;188;
could;189;
shown;190;
cup!;191;
alcohol;192;
promptly.;193;
GREAT;194;
SUPER!;195;
absorption;196;
organisms";197;
says;198;
(including;199;
musculature;200;
chip;201;
acids.;202;
reviews.;203;
manufacturing;204;
Could;205;
believe;206;
stools.<br;207;
wrong,;208;
relax;209;
Karo�;210;
soft,;211;
hexane;212;
seeds;213;
sure;214;
random;215;
Ideal;216;
Oklahoma;217;
cares;218;
husband;219;
synthetic;220;
children.;221;
Free;222;
rather;223;
solvents,;224;
food!;225;
bought;226;
calcium,;227;
comment;228;
bad.;229;
causes;230;
so.;231;
Tasty,;232;
poo;233;
they;234;
these;235;
fishy;236;
Other;237;
clogged;238;
maker;239;
food,;240;
rinds...a;241;
Low;242;
his;243;
having;244;
carried;245;
refer;246;
horrible!;247;
themed;248;
properly,;249;
fiber.;250;
Unfortunately,;251;
care;252;
starch,;253;
refund;254;
fresh;255;
Rinds,;256;
fast.;257;
from:;258;
sticky).;259;
genetic;260;
(but;261;
Navitas;262;
mutagenesis;;263;
serving;264;
!;265;
flabby;266;
flavors;267;
close;268;
Game;269;
decided;270;
here;271;
years;272;
melt;273;
do.;274;
fruits;275;
Atkins;276;
butter,;277;
Works;278;
Run';279;
gross;280;
base.;281;
"In;282;
down;283;
review;284;
35;285;
Mountains,;286;
Folgers;287;
seeds...so;288;
Gave;289;
Toxic;290;
area,;291;
same;292;
warned!;293;
with.;294;
For;295;
but;296;
we;297;
/>Next,;298;
disease<br;299;
/>Enjoy...they;300;
before,;301;
powdered;302;
burnt,;303;
provide;304;
loose;305;
giving;306;
lost;307;
difficult;308;
fills;309;
them);310;
Dreadful!;311;
chiefly;312;
nutrient-rich;313;
superior;314;
benefit;315;
Note:;316;
9-Ounce;317;
comes;318;
flavors,;319;
loosen;320;
constipation:;321;
parents.;322;
Organic;323;
DO;324;
can.;325;
jellybeans;326;
subtleness;327;
five;328;
dry;329;
older/cheap;330;
suggestion;331;
Celery;332;
plan;333;
Pack.;334;
straining,;335;
"give;336;
low-fat;337;
disclose;338;
our;339;
6;340;
left;341;
$3.99;342;
shame;343;
above;344;
Still;345;
touted;346;
snack.;347;
beans;348;
hours;349;
AND;350;
sadistic;351;
purchasing;352;
gestation;353;
except;354;
image;355;
this,;356;
fact,;357;
acids(linolenic;358;
you'll;359;
than;360;
1lb;361;
flavors.;362;
ROAST;363;
see;364;
linoleic);365;
before;366;
crowds,;367;
Called,;368;
smooth,;369;
area.;370;
natural.;371;
Pork;372;
get;373;
"pop";374;
unable;375;
components.;376;
because:<br;377;
share.<br;378;
honest;379;
Secondly,;380;
ask;381;
regardless;382;
network.;383;
based;384;
statins,;385;
con.;386;
natural;387;
someone;388;
broth;389;
Warm;390;
Otherwise;391;
price.;392;
GI;393;
microwaved.;394;
Similac�;395;
Arabian;396;
past.;397;
up.<br;398;
peach,;399;
10/12/10;400;
utero,;401;
seasons;402;
formula."<br;403;
beverages.;404;
(has;405;
there's;406;
stimulation;407;
stores,;408;
green;409;
Calcium,;410;
stand;411;
please;412;
non-absorbable;413;
gotten;414;
attempt;415;
french;416;
Buy;417;
would;418;
there.;419;
empty;420;
it!;421;
celebrate;422;
least;423;
iceberg.;424;
adding;425;
thinks;426;
-;427;
it's;428;
gradually;429;
unreasonably;430;
physically;431;
recommended;432;
retention;433;
another;434;
certainly;435;
12)</a>;436;
uncoordinated;437;
sacrifice;438;
plain;439;
piece;440;
tract<br;441;
/>;442;
much!!;443;
/>Tragically,;444;
Every;445;
arises.;446;
pass.;447;
prevent;448;
Makes;449;
opinion);450;
my;451;
shops;452;
These;453;
degrees;454;
suppository;455;
miso!;456;
yummy;457;
example;458;
trying;459;
Life'sDHA;460;
terrible;461;
soy;462;
matter;463;
HOWEVER,;464;
point;465;
Why;466;
lay;467;
it;468;
:);469;
(Shield;470;
"treat";471;
milk;472;
removing;473;
16oz;474;
spice.;475;
Potter);476;
good;477;
90;478;
"tapioca";479;
drank;480;
formulas.<br;481;
petition,;482;
combination;483;
mouth!<br;484;
VIOLA..!!;485;
function;486;
switch....;487;
good.<br;488;
powder;489;
spice;490;
formula:<br;491;
Rios,;492;
avoid;493;
All;494;
cheese;495;
ball.;496;
functional;497;
cannot;498;
containing;499;
needing;500;
apply.;501;
$3;502;
I,;503;
popcorn;;504;
"agricultural;505;
body!;506;
everyone;507;
ship.;508;
joke;509;
Tortilla;510;
standard;511;
Whether;512;
1/3;513;
size;514;
seven;515;
stars;516;
Miso-cup;517;
corporations;518;
already;519;
White;520;
prices.;521;
and;522;
cereal;523;
cancel;524;
reading;525;
story.";526;
Ok;527;
simple;528;
Sorry;529;
miraculous!;530;
mild;531;
watch;532;
beginning;533;
protein.<br;534;
excess;535;
whose;536;
boxed;537;
exempt;538;
fun;539;
hassle.<br;540;
months.;541;
(in;542;
recomendation;;543;
microwaved;544;
stored;545;
warmth;546;
amounts;547;
/>Low;548;
Gucamole.;549;
href="http://www.amazon.com/gp/product/B000EQYW0E">Garden;550;
It;551;
colon;552;
micorwave;553;
disgusting.;554;
/>The;555;
different;556;
misconceptions;557;
what?;558;
Chips).;559;
smooth;560;
or;561;
shy;562;
refunded;563;
went;564;
further;565;
delicious.;566;
However,;567;
Oklahoma,;568;
26-mile;569;
"steel;570;
produced;571;
product.;572;
powder...it;573;
popping;574;
pot;575;
fathers;576;
other;577;
mayo,;578;
for;579;
consistently;580;
Walmart;581;
customers,;582;
learning;583;
pooing;584;
exist.;585;
thought;586;
flavorful;587;
Ok,;588;
mouth.;589;
flavor,;590;
although;591;
allergic;592;
mutha...;593;
single-use;594;
C<br;595;
leary;596;
anything.<br;597;
sold;598;
GMOs.;599;
Egg;600;
Advance;601;
Pediatric;602;
Without;603;
start;604;
bundled;605;
low-carb;606;
processing;607;
Doesn't;608;
again,<br;609;
since;610;
crunch!;611;
due;612;
leaves;613;
had;614;
"funky";615;
mainly;616;
cold;617;
winced;618;
exclusively;619;
because;620;
work;621;
Garden;622;
roasts,;623;
Tasty;624;
packs;625;
feeders;626;
information.;627;
NY;628;
World,;629;
tasty.;630;
take;631;
it).;632;
newborns;633;
mouth;634;
pkg;635;
expired;636;
sorbitol;637;
(Cook;638;
movies,;639;
substance;640;
things.;641;
get.;642;
yuk;643;
cooking.;644;
Experience;645;
ssomething;646;
House.<br;647;
once;648;
continue;649;
900W;650;
an;651;
/>"Although;652;
healthy.<br;653;
will;654;
wonderful;655;
mixed.;656;
Coffee,;657;
$4.00;658;
/>My;659;
taste,;660;
pork;661;
problems.<br;662;
getting.<br;663;
far;664;
In;665;
all;666;
BUT;667;
warm.;668;
Follow;669;
DNA;670;
say;671;
bit.;672;
works;673;
omega-3;674;
include;675;
bulk.;676;
regard.<br;677;
candy,;678;
initiate;679;
new;680;
drive;681;
/>Treatment;682;
products;683;
apricots;684;
mins;685;
smoke;686;
formula,;687;
(such;688;
juice,;689;
started.;690;
mentioned;691;
apple;692;
fishing;693;
longer;694;
approaching;695;
noticed;696;
these.;697;
insufficient;698;
moldy.;699;
meaning;700;
'nother;701;
botulinum;702;
rich,;703;
Java;704;
buy;705;
enjoying;706;
excited;707;
cow's;708;
strong;709;
picey;710;
salty.......;711;
Great,;712;
mild-medium;713;
bowl;714;
FLAVORS;715;
texture?;716;
inflated;717;
hoarding;718;
missing;719;
game,;720;
flavoring.<br;721;
DL.;722;
ate;723;
instructions.;724;
slight;725;
At;726;
reheat;727;
from;728;
hour;729;
barley,;730;
contacted;731;
Delicious!;732;
grown-ups;733;
/>Steve;734;
opinion.;735;
Excellent;736;
stool,;737;
person;738;
truth!;739;
failing;740;
eaten;741;
days.;742;
(think;743;
smaller;744;
see:<br;745;
crunchy;746;
expected;747;
ton;748;
packet;749;
gift;750;
mac-n-cheese;751;
ended;752;
(that;753;
disappointed;754;
ans;755;
diet;756;
weeks;757;
trash.;758;
Flavoring;759;
soup;;760;
directly;761;
1.75;762;
banana.<br;763;
needs;764;
bites.;765;
What;766;
purchased;767;
coupons,;768;
modification;769;
crunchy!;770;
movie.;771;
...a;772;
Miso-cup's;773;
hexane-extracted;774;
truly;775;
$25-$32.;776;
seller.;777;
cheese-i-ness;778;
32-Ounce;779;
feel;780;
Excellent!;781;
cramping;782;
Mom;783;
pre-packaged;784;
non;785;
greasy;786;
phytic;787;
respose.;788;
(also;789;
easy.;790;
besides;791;
(they;792;
2;793;
breastfed;794;
skin;795;
Chia--great;796;
Again,;797;
lover;798;
fries;799;
Olsen;800;
seaweed,;801;
joke,;802;
flavor;803;
water.;804;
so,;805;
fun!!!;806;
serve;807;
starts;808;
properly.<br;809;
trial;810;
time.;811;
delivery,;812;
Each;813;
bitter.;814;
possible.;815;
revive;816;
esteemed;817;
Stuffed;818;
She;819;
coffees;820;
list;821;
"green";822;
date;823;
OLD;824;
press;825;
fore:;826;
breakfast;827;
conversation;828;
Peet's;829;
great,;830;
year;831;
pour;832;
fast;833;
tasted.;834;
min./sec.;835;
eight;836;
seeds.;837;
regular;838;
formulas;839;
blocks;840;
serious;841;
Because;842;
(http://www.drhull.com/EncyMaster/C/constipation_infant.html)<br;843;
online;844;
lifesdha;845;
high;846;
cones;847;
seasoned;848;
hot,;849;
spinning;850;
cups;851;
prunes,;852;
allergy.;853;
snack,;854;
lower;855;
on;856;
1/2;857;
$55;858;
poochy),;859;
america;860;
charged;861;
Leavenworth;862;
Has;863;
head;864;
done;865;
aste;866;
past,;867;
find;868;
Market;869;
bagged;870;
certificate;871;
10;872;
min;873;
weird;874;
LifesDHA!!!;875;
entertaining,;876;
versatile...!!;877;
solids;878;
(a.k.a.;879;
values;880;
long;881;
Fun;882;
reduces;883;
93;884;
can;885;
barley.;886;
being;887;
add;888;
Can't;889;
gross!;890;
oven,;891;
me;892;
diabetes/obesity;893;
cutup;894;
retain;895;
obvious;896;
item.;897;
otherwise;898;
cure;899;
chia;900;
these?;901;
one,;902;
overdry;903;
program;904;
fresher;905;
/>Myths;906;
eaten.;907;
Someone;908;
hooked.;909;
patience;910;
Standards;911;
you.;912;
got;913;
imaging;914;
botulism;915;
whoop?;916;
black;917;
Waldenford's;918;
go,;919;
freshness,;920;
cut";921;
Same;922;
fat,;923;
chose;924;
neurotoxic;925;
sunflower;926;
#1;927;
hey,;928;
choke;929;
street;930;
cracklings.;931;
website;932;
thanks;933;
ban.;934;
though;935;
intructions;936;
dried;937;
certified;938;
want;939;
share;940;
still,;941;
salt;942;
awful.;943;
THE;944;
excessively;945;
minute;946;
completely;947;
bag!;948;
scare;949;
Biosciences;950;
China,;951;
stir;952;
called;953;
hit;954;
depending;955;
easily.;956;
"on";957;
Own;958;
category.;959;
SUPER-CHEESE;960;
argue,;961;
commitment;962;
stooling.<br;963;
salty,;964;
Area;965;
ultimate;966;
anywhere;967;
(my;968;
personal;969;
LOVED;970;
cost.);971;
Wonderful!!!;972;
they'll;973;
spinner;974;
builds;975;
result;976;
stay;977;
fun!;978;
allowed;979;
almost;980;
brand!!!;981;
reflect;982;
button,;983;
Shame;984;
sprouted;985;
consider;986;
inflow;987;
";988;
Did;989;
far,;990;
quick;991;
pan,;992;
rubbish;993;
"Stop;994;
however,;995;
expand;996;
breastmilk;997;
(fetal;998;
unusual;999;
nicely;1000;
anatomic;1001;
nervous.<br;1002;
product;1003;
thanking;1004;
opened;1005;
tax,;1006;
Spicy.;1007;
way,;1008;
"extraction;1009;
ingredients;1010;
if;1011;
expiration;1012;
higher;1013;
Foods.;1014;
late.;1015;
nearly;1016;
extraction;1017;
oatmeal;1018;
bacteria;1019;
primary;1020;
suit;1021;
personally;1022;
bbq;1023;
boon;1024;
them,;1025;
tried;1026;
Similac;1027;
separately.;1028;
Simply;1029;
contained;1030;
coffee;1031;
them;1032;
which;1033;
places;1034;
movement.;1035;
toddy;1036;
okay,;1037;
Hillarious;1038;
time,;1039;
Pediatr;1040;
popcorn,;1041;
OrganicconsumersDOTorg<br;1042;
crops.;1043;
Which;1044;
things....the;1045;
Rind;1046;
anywhere.;1047;
stick;1048;
half;1049;
t;1050;
repeat;1051;
game;1052;
clip;1053;
gave;1054;
amazing.;1055;
like!;1056;
Great;1057;
moving;1058;
fulfill;1059;
spit;1060;
pass;1061;
wondered;1062;
blueberries<br;1063;
45;1064;
well-lubricated;1065;
GOOGLE;1066;
Houston;1067;
enough,;1068;
me.;1069;
Way;1070;
sometime;1071;
light;1072;
more;1073;
prunes;1074;
We;1075;
young!;1076;
daughter;1077;
company;1078;
STAND;1079;
contact;1080;
dangerous;1081;
bake;1082;
act;1083;
carbs;1084;
constipated.;1085;
ingredients.;1086;
enjoys;1087;
this;1088;
lubricates;1089;
depths;1090;
press,;1091;
Trust;1092;
search;1093;
corporate;1094;
those;1095;
mildewed;1096;
website!<br;1097;
ones;1098;
cone,;1099;
THEIR;1100;
as,;1101;
somewhere.;1102;
not;1103;
Vulcan;1104;
doesn't;1105;
food/;1106;
puffed;1107;
read;1108;
complaint;1109;
nutritional;1110;
microwavable;1111;
suscribed;1112;
May;1113;
fix;1114;
inviting.;1115;
$105;1116;
patrons;1117;
bits.<br;1118;
CLASSIC;1119;
$;1120;
protein;1121;
amout;1122;
cream,;1123;
noisy;1124;
case.;1125;
began;1126;
decreased;1127;
finding;1128;
Large;1129;
out.;1130;
ramen;1131;
amount;1132;
Cup;1133;
protein,;1134;
another.<br;1135;
/>I;1136;
"recombinant;1137;
Newmans;1138;
during;1139;
24;1140;
Classic;1141;
without;1142;
borderline;1143;
myriad;1144;
system;1145;
acid,;1146;
switch;1147;
cases;1148;
constipated;1149;
can't;1150;
mountain,;1151;
/>But,;1152;
organic;1153;
"Pediatric;1154;
/>Sprouting;1155;
too;1156;
game.;1157;
/>When;1158;
Rinds;1159;
THEY;1160;
processing,;1161;
store.;1162;
first.;1163;
TOO;1164;
seems;1165;
surgery.;1166;
infinitely;1167;
again;1168;
no;1169;
sprinkle;1170;
products.<br;1171;
seriously;1172;
maybe;1173;
While;1174;
taste!;1175;
up...tasted;1176;
soups;1177;
darkness;1178;
Emergency;1179;
awesome.;1180;
information;1181;
money.;1182;
eating--or;1183;
also.;1184;
reasonable;1185;
marathon;1186;
started;1187;
me);1188;
anything,;1189;
straining.;1190;
listless;1191;
Hirschprung;1192;
TBs;1193;
Federal;1194;
Amazon!).<br;1195;
unsatisfactory.;1196;
last;1197;
neurologic;1198;
Seriously,;1199;
arises;1200;
A;1201;
however;1202;
part;1203;
undisclosed;1204;
low-;1205;
Nutritional;1206;
months;1207;
night;1208;
bag's;1209;
plastic;1210;
party;1211;
listing,;1212;
create;1213;
expensive;1214;
BPA.;1215;
just;1216;
mutant;1217;
wonderfully;1218;
afterwards.;1219;
weaned;1220;
intended;1221;
rescinded;1222;
absorbed;1223;
Go;1224;
GMO,;1225;
ping;1226;
type;1227;
pan;1228;
crackling;1229;
Some;1230;
fun,;1231;
you're;1232;
listings;1233;
skins;1234;
organics;1235;
Pleased;1236;
nori;1237;
"fresh";1238;
dodge;1239;
stool.;1240;
difference;1241;
remain;1242;
BeanBoozled;1243;
Martek's;1244;
contrary,;1245;
play;1246;
holds;1247;
first;1248;
ingredients)<br;1249;
according;1250;
distribute;1251;
rating!<br;1252;
trigger;1253;
smoothies.;1254;
following;1255;
/>Later,;1256;
price-gouged;1257;
Plus);1258;
special;1259;
wanted;1260;
'em;1261;
insertion;1262;
stirred;1263;
Iron;1264;
second;1265;
5-star!).<br;1266;
die.;1267;
spent;1268;
/>PRICE:;1269;
re-tried;1270;
full-formula.;1271;
brought;1272;
oven;1273;
rectum;1274;
soon,;1275;
those,;1276;
dosage;1277;
drawn;1278;
Paleolithic;1279;
Microwave;1280;
No;1281;
pong;1282;
/>Not;1283;
First;1284;
compared;1285;
Ounce;1286;
present;1287;
her;1288;
Amazon--and;1289;
Best;1290;
is;1291;
through;1292;
dyschezia,;1293;
sweet.;1294;
choice.;1295;
properly.;1296;
curls.;1297;
supplement;1298;
included:<br;1299;
tin;1300;
fresh,;1301;
RIDICULOUS!;1302;
new.;1303;
Louisiana;1304;
magic!;1305;
health.;1306;
state;1307;
Jablum;1308;
medium;1309;
toss;1310;
microwave,;1311;
Needs;1312;
near;1313;
common;;1314;
OR;1315;
/>*According;1316;
final;1317;
effects;1318;
Way,;1319;
Alternative;1320;
pebbly;1321;
lady;1322;
yellows;1323;
tongue;1324;
microwave;1325;
Ms.;1326;
overpowering;1327;
anyway.)<br;1328;
turn;1329;
old;1330;
free;1331;
French;1332;
acid;1333;
/>Breast;1334;
individual;1335;
fine;1336;
Product;1337;
aromatic;1338;
not---has;1339;
internet;1340;
stale;1341;
about;1342;
research;1343;
level!;1344;
popcorn.;1345;
irritating;1346;
(which;1347;
Volume;1348;
fiber;1349;
adventurous;1350;
kids,;1351;
jacking;1352;
House.;1353;
ingredient;1354;
playing;1355;
money;1356;
times;1357;
600;1358;
realizing;1359;
freshly;1360;
easiest;1361;
another.;1362;
tribal;1363;
anal-rectal;1364;
around,;1365;
$18.;1366;
skins,;1367;
keep;1368;
snack;1369;
($15;1370;
However;1371;
mass.;1372;
disgusting,;1373;
introduced;1374;
And;1375;
things;1376;
dreadful!!!<br;1377;
intoxicating;1378;
heat;1379;
Taste;1380;
avoid.;1381;
sales;1382;
Microwavable;1383;
health;1384;
couldn't;1385;
possible,;1386;
standards;1387;
hard;1388;
ever!;1389;
Who;1390;
hospital.;1391;
young;1392;
persistently;1393;
number;1394;
choices.;1395;
/>YOU;1396;
em;1397;
while,;1398;
breastfeeding.;1399;
fraction;1400;
closer;1401;
reasons:;1402;
I;1403;
they're;1404;
by,;1405;
seconds,;1406;
suppositories;1407;
him;1408;
(as;1409;
rule;1410;
crunch,;1411;
miles;1412;
smoothie,;1413;
Formula;1414;
sceptical;1415;
15;1416;
extravagant;1417;
$10;1418;
crunchy.;1419;
/><br;1420;
utterly;1421;
salt.;1422;
coffee,;1423;
healthy;1424;
has;1425;
solvent;1426;
recipe;1427;
urine.<br;1428;
carbers;1429;
solids,;1430;
instructions;1431;
able;1432;
after;1433;
/>Bottom;1434;
4;1435;
corn;1436;
Jamaica;1437;
Lowry's;1438;
declined,;1439;
buying;1440;
seller;1441;
preferences.;1442;
carton;1443;
hype;1444;
big;1445;
variety.;1446;
o;1447;
Claims;1448;
sweet;1449;
Awesome;1450;
diarrhea;1451;
C.;1452;
cake;1453;
colors;1454;
kind;1455;
With;1456;
good!;1457;
shipment;1458;
me,;1459;
definately;1460;
China;1461;
They;1462;
including;1463;
exhibit;1464;
Airtight;1465;
much,;1466;
that,;1467;
$15/lb,;1468;
help.;1469;
Wonderful!;1470;
size.;1471;
/>*Chia;1472;
time;1473;
/>First,;1474;
skin!;1475;
solvents".<br;1476;
product,;1477;
recipes;1478;
everything!;1479;
Martek.<br;1480;
teaspoons;1481;
constipated?"<br;1482;
designed;1483;
Martek;1484;
foods;1485;
pepper;1486;
Or;1487;
mixed;1488;
past;1489;
likely;1490;
nothing;1491;
favors.;1492;
Satisfied!;1493;
stools.;1494;
popcorn;1495;
activity;1496;
filtered;1497;
up;1498;
important;1499;
shipment,;1500;
snaps;1501;
shocking.;1502;
ounces,;1503;
SEEDS;1504;
capitalizing;1505;
eye;1506;
said;1507;
life;1508;
similar;1509;
issues,;1510;
behaviors;1511;
gifts;1512;
worried;1513;
prohibited;1514;
licorice;1515;
parties,;1516;
healthiest;1517;
damp;1518;
broth.;1519;
every;1520;
version.(Bagged);1521;
brown;1522;
recent;1523;
reviewer;1524;
workout;1525;
reordering;1526;
Real;1527;
Medicine,;1528;
5;1529;
plus;1530;
package,;1531;
Vary:;1532;
Thought;1533;
/>Use;1534;
Hope;1535;
corn.;1536;
cheaper;1537;
approval;1538;
going.;1539;
/>So;1540;
stuff.;1541;
benefits;1542;
along;1543;
microorganisms;1544;
P.U.;1545;
cooking;1546;
check,;1547;
choice;1548;
like,;1549;
Hate;1550;
end;1551;
tasty!;1552;
parents;1553;
Cooks;1554;
few;1555;
getting;1556;
tight;1557;
reflex.;1558;
nachos".;1559;
replacement;1560;
vegetarian).;1561;
emperor's;1562;
noodles.;1563;
shop;1564;
call.<br;1565;
cooked;1566;
/>Also;1567;
meal;1568;
source;1569;
Mexicans;1570;
Just;1571;
Family!;1572;
220;1573;
/>quote;1574;
night.;1575;
/>Conversely,;1576;
are;1577;
melts;1578;
come;1579;
cheese.<br;1580;
roasted;1581;
allotment;1582;
packaging.;1583;
energy;1584;
didn't;1585;
treatment;1586;
Try;1587;
/>BUT;1588;
jablum;1589;
GMOs;1590;
tummy;1591;
thrilled;1592;
effect;1593;
Coconut.<br;1594;
refreshing,;1595;
contain;1596;
punch.<br;1597;
SJ,;1598;
turned;1599;
cayenne;1600;
LOL);1601;
constipation.<br;1602;
adults;1603;
ISoyalac�,;1604;
advance;1605;
doctors;1606;
/>Regardless;1607;
isopropyl;1608;
sweet,;1609;
Mine;1610;
Really;1611;
true;1612;
work.;1613;
really;1614;
/>Won't;1615;
settle;1616;
Bags;1617;
Give;1618;
preparations;1619;
salt!;1620;
Bacon;1621;
crispy,;1622;
texture;1623;
removal;1624;
flavor.;1625;
wish;1626;
hours.;1627;
minutes;1628;
again!;1629;
question;1630;
dietary;1631;
carbs)pop;1632;
Even;1633;
ingredients.<br;1634;
be;1635;
/>Top<br;1636;
uncomfortable;1637;
3;1638;
month;1639;
bag.;1640;
specific;1641;
pass.<br;1642;
certain;1643;
of;1644;
reason;1645;
(The;1646;
120;1647;
at;1648;
why;1649;
snacking;1650;
medium<br;1651;
received;1652;
dehydrate;1653;
sampled.;1654;
hurt;1655;
medicine;1656;
2011;1657;
heaven.;1658;
Subsribe;1659;
Life'sARA;1660;
did.<br;1661;
watched;1662;
worse;1663;
condiment;1664;
differ;1665;
:(;1666;
processed;1667;
prices;1668;
eaters.;1669;
probably;1670;
seasoning;1671;
Became;1672;
synthetic/petrochemical;1673;
Awesome!!;1674;
favorite;1675;
household,;1676;
5-6;1677;
normal;1678;
pounds;1679;
abdominal;1680;
interested;1681;
Very;1682;
ship;1683;
Toothpaste;1684;
thanked;1685;
/>This;1686;
prepare;1687;
consist;1688;
spicy,;1689;
suffer;1690;
16;1691;
/>There;1692;
bad;1693;
1:00;1694;
issue.;1695;
rest.;1696;
Have;1697;
month.;1698;
figure;1699;
large;1700;
items;1701;
quantity;1702;
doing;1703;
slices;1704;
say,;1705;
zzling;1706;
edible;1707;
throw;1708;
cellophane;1709;
exception;1710;
carry;1711;
package).;1712;
everything;1713;
Kinda;1714;
red-faced;1715;
bad,;1716;
crunch;1717;
came;1718;
overcook,;1719;
wyoming;1720;
done.;1721;
Winner;1722;
crunchiness;1723;
dissolve;1724;
lactulose);1725;
alcohol)<br;1726;
BE;1727;
discomfort.;1728;
wants;1729;
here.;1730;
(outside;1731;
"the;1732;
error;1733;
coffees.;1734;
expanded.;1735;
up,;1736;
though.;1737;
hotnspicy;1738;
hunted;1739;
Breast;1740;
later.;1741;
Mtn;1742;
mix;1743;
illegal;1744;
understand;1745;
hot;1746;
Chewy.;1747;
substituted.;1748;
old,;1749;
mac-n-cheese...sometimes;1750;
passage<br;1751;
risk;1752;
roast;1753;
appear;1754;
almighty;1755;
/>was;1756;
My;1757;
juice).<br;1758;
reject;1759;
supermarket,;1760;
smile;1761;
in,;1762;
Shavings,;1763;
tonic,;1764;
extract;1765;
home,;1766;
TOXIC;1767;
snack!!;1768;
/>Undisclosed;1769;
it,;1770;
digested;1771;
roast,;1772;
else;1773;
Lowrey's;1774;
recently,;1775;
want...so;1776;
crunchy,;1777;
hese;1778;
generous;1779;
marathon!;1780;
only;1781;
possesses;1782;
found;1783;
/>Heavily;1784;
reason.<br;1785;
$12;1786;
"a;1787;
various;1788;
while;1789;
Constipating;1790;
n-hexane;1791;
either;1792;
A+++<br;1793;
them!;1794;
run;1795;
Yes,;1796;
They're;1797;
Safe.;1798;
What's;1799;
33.9-Ounce;1800;
sell;1801;
bike;1802;
$14/lb;1803;
burnt;1804;
week;1805;
available;1806;
microwaves;1807;
City;1808;
Practical;1809;
bit;1810;
god;1811;
boost,;1812;
office.;1813;
passed;1814;
balance;1815;
seal;1816;
;);1817;
Infect;1818;
pear;1819;
overnight),;1820;
products,;1821;
served;1822;
scoop;1823;
18;1824;
bean;1825;
&;1826;
the;1827;
category;1828;
online.<br;1829;
familiar;1830;
shipped;1831;
salsa;1832;
looking;1833;
Jamaican;1834;
treat;1835;
MAKE;1836;
(and;1837;
takes;1838;
hate;1839;
etc.<br;1840;
Fun...;1841;
immediately;1842;
expansion--or;1843;
even;1844;
troubles;1845;
time.<br;1846;
MSG!;1847;
morning;1848;
together.;1849;
anymore.;1850;
Put;1851;
lots;1852;
d*mn;1853;
clothes.;1854;
puff;1855;
2),;1856;
Asian;1857;
slightly.;1858;
sizzling;1859;
Plus;1860;
cooked,;1861;
Bottle;1862;
servings;1863;
soup;1864;
darling;1865;
prepare.;1866;
bag).;1867;
into;1868;
"extracted;1869;
ramen.;1870;
often.;1871;
resist;1872;
essentially;1873;
sort;1874;
breakfasts;1875;
anyway;1876;
utero;1877;
upset;1878;
nice;1879;
Amazon!;1880;
who;1881;
stone-ball;1882;
seeds.<br;1883;
almond;1884;
neighborhood;1885;
reasons,;1886;
cow;1887;
23%;1888;
tax;1889;
versus;1890;
San-J?;1891;
READ;1892;
size?;1893;
curds;1894;
hexane.";1895;
Swerdlow;1896;
potato;1897;
port;1898;
lives;1899;
process;1900;
produced.;1901;
enough;1902;
SELLER...;1903;
Non-Chili;1904;
stimulate;1905;
appealing.;1906;
open;1907;
regularly.;1908;
gas.;1909;
school;1910;
that).;1911;
gentle;1912;
slurry;1913;
drink;1914;
concept;1915;
Regardless;1916;
use.;1917;
others;1918;
in;1919;
collapse;1920;
HOW;1921;
finally;1922;
don't;1923;
/>Microencapsulation;1924;
brand,;1925;
enabled;1926;
its;1927;
highly;1928;
Worth;1929;
etc.;1930;
as;1931;
there;1932;
thing!;1933;
/>Martek;1934;
nurses;1935;
elsewhere.;1936;
MN;1937;
(actually;1938;
prohibit;1939;
Packages;1940;
bass;1941;
secretions,;1942;
addiction,;1943;
back;1944;
vegetable;1945;
"traditional";1946;
expect;1947;
particular,;1948;
tiny;1949;
(Glycerine;1950;
JABLUM.;1951;
trick,;1952;
disgusting;1953;
omega;1954;
Made;1955;
figured;1956;
out;1957;
checking;1958;
gathering.;1959;
When;1960;
urine;1961;
envelope;1962;
option;1963;
percentage;1964;
/>Recombinant;1965;
onto;1966;
very;1967;
factors<br;1968;
always;1969;
arrives,;1970;
Blue;1971;
failure;1972;
Coconut;1973;
400;1974;
milk.;1975;
Chia,;1976;
Only;1977;
Despite;1978;
say)<br;1979;
break;1980;
concerning;1981;
crackly;1982;
/>Taste;1983;
on-line.;1984;
quality;1985;
Jamaica,;1986;
them<br;1987;
!!!;1988;
size?!;1989;
wind;1990;
beautiful.;1991;
rinsing;1992;
fiend;1993;
product...would;1994;
hassle.;1995;
rind;1996;
most;1997;
healthful;1998;
recommended;;1999;
tests;2000;
enjoyable;2001;
Chinese;2002;
tv.;2003;
Save;2004;
lacking.;2005;
potassium;2006;
put;2007;
casual;2008;
known;2009;
burn.;2010;
are.;2011;
arachidonic;2012;
/>In;2013;
go";2014;
simple.<br;2015;
enjoyed;2016;
Do;2017;
dirt.;2018;
style;2019;
Micro;2020;
reordered...;2021;
Lowery;2022;
1:40;2023;
Velveeta;2024;
chorus;2025;
Don't;2026;
/>As;2027;
magical.;2028;
tend;2029;
shavings,;2030;
color;2031;
remove;2032;
Foods;2033;
terrific.;2034;
grocery.;2035;
paid;2036;
hicks;2037;
nutrition;2038;
Please;2039;
Fresher;2040;
LEAST;2041;
juices;2042;
fed;2043;
communities;2044;
place;2045;
ill.;2046;
happy;2047;
disappointing.;2048;
Skunk;2049;
ALL;2050;
click;2051;
addicting;2052;
flavored;2053;
tastier;2054;
Commissory;2055;
Unlike;2056;
delivered;2057;
soup.;2058;
color.;2059;
buddy;2060;
real;2061;
product...;2062;
Risk;2063;
confident;2064;
noise;2065;
won.;2066;
anus;2067;
bottle;2068;
complete;2069;
It's;2070;
Unless;2071;
coffee.<br;2072;
mustard,;2073;
eat;2074;
Almost;2075;
fancy;2076;
give;2077;
Glycerine;2078;
full;2079;
days;2080;
something;2081;
thing;2082;
instead.;2083;
Thanks;2084;
propulsive;2085;
Dis;2086;
that.;2087;
/>Simply,;2088;
cal,;2089;
taste?;2090;
r;2091;
super;2092;
Coffee;2093;
pencil;2094;
forms;2095;
help;2096;
pooping,;2097;
'Born;2098;
sprouts!;2099;
cinnamon,;2100;
try,;2101;
restaurant.;2102;
have;2103;
So;2104;
feeling;2105;
acids.<br;2106;
become;2107;
milk,;2108;
used.;2109;
such;2110;
login;2111;
taste;2112;
Ground;2113;
a;2114;
Chia;2115;
tasting;2116;
thinking;2117;
"safely";2118;
toddlers.<br;2119;
realise;2120;
bilirubin;2121;
recommendation;2122;
minutes,;2123;
San-J;2124;
affectionately;2125;
case,;2126;
feces;2127;
!!!!!!;2128;
snacks;2129;
basic;2130;
superfood;2131;
coconut;2132;
stand-by!;2133;
store,;2134;
environment;2135;
Usually,;2136;
attention;2137;
Nice;2138;
GOOGLE-;2139;
constipation.;2140;
Healthy;2141;
alternative;2142;
house;2143;
yet.;2144;
Karo;2145;
pop;2146;
dont;2147;
pack;2148;
results,;2149;
literally;2150;
Warm,;2151;
Quick;2152;
searching;2153;
modifications;2154;
cup;2155;
Besides;2156;
squeezed;2157;
package;2158;
After;2159;
warn;2160;
follow;2161;
2:00;2162;
though...;2163;
mechanical;2164;
appropriate;2165;
each;2166;
ways;2167;
powder,;2168;
Snap;2169;
kettle;2170;
roast.;2171;
easy;2172;
Not;2173;
boiling;2174;
notice;2175;
Easter;2176;
boring.<br;2177;
preparing;2178;
Blues;2179;
Fans!!;2180;
harder,;2181;
Nom;2182;
/>Do;2183;
usual;2184;
setting;2185;
bacon;2186;
Be;2187;
fruits/veg,;2188;
thank;2189;
line;2190;
Lowerys;2191;
Purchased;2192;
hipping;2193;
fill;2194;
leave;2195;
lb;2196;
Certainly;2197;
ball;2198;
"natural"<br;2199;
especially;2200;
worries;2201;
box,;2202;
yet;2203;
latest;2204;
pinky;2205;
FedEx;2206;
stores.;2207;
am;2208;
nigh;2209;
hysterical;2210;
ground;2211;
demand;2212;
noodles;2213;
stool;2214;
I'm;2215;
Prefer;2216;
This;2217;
skunk;2218;
biggest;2219;
Stuff;2220;
best;2221;
Highly;2222;
expand(you;2223;
well........LOVE;2224;
(purchases;2225;
modified;2226;
iron;2227;
beans.<br;2228;
tested;2229;
naturally;2230;
fiber,;2231;
oz;2232;
shake;2233;
thirteen-year-old;2234;
saltiness.;2235;
mg;2236;
False;2237;
fulfilled.;2238;
=;2239;
enjoy..;2240;
passes;2241;
potpourri:;2242;
it.;2243;
boy,;2244;
surprise;2245;
Ugh,;2246;
cone;2247;
20;2248;
liked;2249;
priced;2250;
Clinical;2251;
paying;2252;
good.;2253;
supposed;2254;
60%;2255;
attracting;2256;
Therefore,;2257;
wouldn't;2258;
human;2259;
Anyway,;2260;
Mountain;2261;
idea;2262;
reviews,;2263;
immediately,;2264;
involves;2265;
rating;2266;
figure.;2267;
Fresh;2268;
sugar!!!;2269;
repeating;2270;
2008;2271;
additions.<br;2272;
/>Enough;2273;
against;2274;
losing;2275;
seemed;2276;
cried;2277;
constant;2278;
hype.;2279;
aroma;2280;
Hot;2281;
bag;2282;
auto;2283;
Once;2284;
needed;2285;
off.;2286;
perform;2287;
convenient.);2288;
*;2289;
fragrance,;2290;
salty;2291;
chemical;2292;
under;2293;
"other";2294;
favorite.;2295;
heated.;2296;
often;2297;
particularly;2298;
Pathetic.;2299;
recommended.;2300;
Atkins,;2301;
concerned,;2302;
then;2303;
tour;2304;
cocoa;2305;
again.;2306;
/>CONVIENCE:;2307;
highest;2308;
Curls;2309;
consitpation....;2310;
poor;2311;
well.;2312;
nursing;2313;
level;2314;
/>Bottle;2315;
isn't;2316;
Until;2317;
equal;2318;
scolding;2319;
Folger's;2320;
online.;2321;
psyllium;2322;
your;2323;
next;2324;
remains;2325;
boron;2326;
felt;2327;
cheese.;2328;
let;2329;
still;2330;
considerably;2331;
classifying;2332;
getting.;2333;
cover;2334;
bowel;2335;
adults,;2336;
gone;2337;
Eatin`;2338;
Enjoy.;2339;
laughter;2340;
discontinued.;2341;
experts,;2342;
central;2343;
less;2344;
eating;2345;
relegated;2346;
greeted;2347;
packaging;2348;
finger;2349;
water,;2350;
deal;2351;
low;2352;
Organic.;2353;
was;2354;
red;2355;
measuring;2356;
Less;2357;
children;2358;
Mocha;2359;
polyunsaturated;2360;
arm-and-a-leg;2361;
spoon.<br;2362;
Since;2363;
variety;2364;
Two;2365;
SALT;2366;
medication:<br;2367;
funny;2368;
travel;2369;
1.75-Ounce;2370;
draw;2371;
any;2372;
these!;2373;
hexane-extraction;2374;
stated;2375;
helped;2376;
timeframe.<br;2377;
reassurances;2378;
get-together;2379;
additional;2380;
fit.<br;2381;
$16,;2382;
11;2383;
their;2384;
soon;2385;
octopus.;2386;
.;2387;
note;2388;
diet.;2389;
There;2390;
serving.;2391;
ating;2392;
delicious,;2393;
stools;2394;
oils;2395;
expelled;2396;
Crunchy;2397;
drinker;2398;
warm;2399;
(or;2400;
Eatin'�;2401;
infrequent;2402;
slacked;2403;
watt;2404;
texture,;2405;
dust;2406;
admit;2407;
hardest;2408;
controversial;2409;
shipping;2410;
might;2411;
chicken;2412;
written;2413;
chicharrones;2414;
push;2415;
call;2416;
fit;2417;
pieces;2418;
Is;2419;
sick--nothing;2420;
rice;2421;
reviews;2422;
carbohydrate.<br;2423;
Network;2424;
ones.;2425;
3.5;2426;
charcoal;2427;
popping,;2428;
peanuts;2429;
IS;2430;
dog;2431;
inform;2432;
far.;2433;
write;2434;
unpopped;2435;
expanding;2436;
water;2437;
Few;2438;
yummy.;2439;
Yummy!<br;2440;
usually;2441;
be.;2442;
But;2443;
J;2444;
Shipping;2445;
DISCLOSE;2446;
hear;2447;
recommend.<br;2448;
mother-in-law;2449;
Program;2450;
simple:;2451;
beer.;2452;
cube;2453;
opinion;2454;
I've;2455;
normally;2456;
addition;2457;
consistency;2458;
occur.<br;2459;
chesse;2460;
daughter's;2461;
Whole;2462;
nondigestible;2463;
shredded;2464;
used;2465;
man;2466;
loves.;2467;
small;2468;
seemingly;2469;
bloodstream.<br;2470;
Entertaining;2471;
grains.;2472;
tough;2473;
joints;2474;
constipated,;2475;
Fred's.;2476;
couple;2477;
bite;2478;
family.;2479;
pudding;2480;
solved.;2481;
hasn't;2482;
size,;2483;
four;2484;
PLEASED!!!;2485;
Baker;2486;
glad;2487;
oz.,;2488;
kick;2489;
softens;2490;
tribe;2491;
course;2492;
Tastes;2493;
soup,;2494;
away;2495;
aroma.;2496;
/>*The;2497;
AMAZON!!!!;2498;
purchase;2499;
crispy;2500;
Dr.;2501;
likes;2502;
mass;2503;
family;2504;
formula;2505;
safe;2506;
acid";2507;
general;2508;
should.;2509;
helps;2510;
material;2511;
goodness;2512;
FORMULA!!<br;2513;
Pencil;2514;
doses);2515;
fantatic.;2516;
ediable;2517;
expensive.;2518;
buried;2519;
2003:;2520;
ability;2521;
one.;2522;
whole;2523;
recommend;2524;
anything;2525;
clear;2526;
accompaniment;2527;
Spicy,;2528;
he;2529;
ingredients,;2530;
chips;2531;
smelled;2532;
digesting;2533;
none;2534;
That;2535;
Throw;2536;
Reactions!;2537;
seconds;2538;
ginger;2539;
Potter;2540;
they'd;2541;
BY;2542;
desire;2543;
did.;2544;
talk;2545;
market;2546;
milk.);2547;
cause;2548;
out.<br;2549;
stores;2550;
chewy.;2551;
stuff!;2552;
forty;2553;
easier;2554;
NOT;2555;
researched;2556;
many;2557;
You;2558;
per;2559;
Kona;2560;
Nearly;2561;
recently;2562;
produces;2563;
diabetics.;2564;
smell.;2565;
mountain;2566;
creative,;2567;
DHA/ARA;2568;
trick;2569;
ORGANIC!!!;2570;
...;2571;
remember;2572;
mannitol,;2573;
terms;2574;
"fortify";2575;
hundreds;2576;
drinking,;2577;
stretched;2578;
states:;2579;
asked;2580;
problem;2581;
say...this;2582;
eats;2583;
Feel;2584;
ago,;2585;
medications;2586;
obviously,;2587;
dose;2588;
syrup.;2589;
curls;2590;
grocery;2591;
Red;2592;
does;2593;
(Karo�,;2594;
distributor;2595;
optimal;2596;
drinking;2597;
loved;2598;
ingredients.";2599;
Dec;2600;
factor;2601;
box!;2602;
common;2603;
everyday;2604;
brand;2605;
essential;2606;
preferred;2607;
straining.<br;2608;
enough.;2609;
stops;2610;
pieces,;2611;
FOLGERS;2612;
much;2613;
food;2614;
toothpaste.;2615;
fats;2616;
Bunny,;2617;
stopped;2618;
Modern;2619;
compact;;2620;
questionable;2621;
scallions,;2622;
properly;2623;
seed;2624;
astonishing;2625;
babies,;2626;
miles.;2627;
instead;2628;
/>TASTE:;2629;
USDA;2630;
"motility,";2631;
up).;2632;
board;2633;
CC;2634;
Cool;2635;
content;2636;
rising.;2637;
mind;2638;
expanding"....they;2639;
severe;2640;
two;2641;
great.;2642;
,;2643;
serves;2644;
18)</a>;2645;
you've;2646;
mostly;2647;
brewed,;2648;
demonstrates;2649;
store;2650;
brown.;2651;
feces<br;2652;
breast;2653;
wake;2654;
beer,;2655;
say.<br;2656;
commonly;2657;
substitute;2658;
uncooked;2659;
zetia;2660;
loss,;2661;
damaging;2662;
wrapped;2663;
produce;2664;
too!;2665;
listed;2666;
BABY!;2667;
fell;2668;
previous;2669;
local;2670;
epitome;2671;
well;2672;
liquid;2673;
afternoon;2674;
claim;2675;
Amazon;2676;
acidity;2677;
packages;2678;
4-6;2679;
pick;2680;
compare;2681;
reply.;2682;
Review;2683;
Game!;2684;
bottle,;2685;
Mercola;2686;
value,;2687;
Lactulose;2688;
dip.<br;2689;
delivery.;2690;
smell,;2691;
inflate;2692;
people;2693;
use;2694;
burlap;2695;
/><a;2696;
Coffer;2697;
discussing;2698;
lemonade.;2699;
so;2700;
"includes;2701;
older;2702;
nonsense;2703;
light.;2704;
grunting;2705;
question.;2706;
positioning;2707;
adjust;2708;
greatly;2709;
beans.;2710;
order.;2711;
problems;2712;
carts);2713;
guess.;2714;
result.;2715;
lightly;2716;
great;2717;
leaving;2718;
experience.;2719;
sight;2720;
crowave;2721;
waiting;2722;
Kraft;2723;
directions;2724;
becomes;2725;
By;2726;
contraction;2727;
perfectly;2728;
syrup;2729;
quite;2730;
flavored,;2731;
never;2732;
gift.;2733;
friends;2734;
sluggish;2735;
espresso;2736;
Garbage!!;2737;
anyone;2738;
He;2739;
misleading;2740;
boxes;2741;
chocolate;2742;
sit;2743;
"poof";2744;
oil;2745;
defecation;2746;
little;2747;
raw;2748;
now;2749;
comfort;2750;
pot,;2751;
OH;2752;
bowl.;2753;
straining;2754;
EVER!;2755;
created;2756;
sorbitol,;2757;
exam;2758;
actually;2759;
Easy,;2760;
cook;2761;
Fiber;2762;
feeder;2763;
ick!),;2764;
upon;2765;
Well;2766;
craving;2767;
RECONSIDER;2768;
group;2769;
try!;2770;
(I;2771;
novelty;2772;
impact;2773;
Amazon.;2774;
also!;2775;
comparison;2776;
subtle;2777;
Board;2778;
Went;2779;
Roast,;2780;
bulk;2781;
organisms;;2782;
About;2783;
loads;2784;
goodness.;2785;
nine;2786;
merchant;2787;
mix.;2788;
theme.;2789;
i;2790;
indicate;2791;
told;2792;
Hence;2793;
vitamins;2794;
shortage;2795;
love;2796;
sources;2797;
remember"<br;2798;
won't;2799;
guess;2800;
Times;2801;
bbq.;2802;
Pantry;2803;
8/29/10,;2804;
Here;2805;
that;2806;
knees;2807;
hated;2808;
Outstanding;2809;
Horribly;2810;
reabsorb;2811;
The;2812;
NaturalnewsDOTcom<br;2813;
drug.)<br;2814;
by;2815;
statements;2816;
/>By;2817;
weight;2818;
off;2819;
directions!!;2820;
Allergic;2821;
pricey,;2822;
cinnamon;2823;
oz.;2824;
relieve;2825;
Before;2826;
zero-star;2827;
ensure;2828;
set;2829;
"necessary;2830;
juice;2831;
colon.;2832;
tasty;2833;
12;2834;
supplements;2835;
played;2836;
seen;2837;
tasted;2838;
---;2839;
expected.;2840;
displeased;2841;
Miso;2842;
voila,;2843;
posted;2844;
chips.;2845;
pharma;2846;
mine;2847;
life.;2848;
fry.;2849;
practiced,;2850;
unusual.;2851;
i've;2852;
eggs;2853;
kids;2854;
watchng;2855;
diagnostic;2856;
Kansas;2857;
micro;2858;
mean;2859;
Different;2860;
stevia;2861;
carbs,;2862;
goes;2863;
amino;2864;
mouth,;2865;
breastfeed;2866;
bring;2867;
best,;2868;
jump;2869;
exotic;2870;
salty.;2871;
arrived;2872;
blood;2873;
"Rind",;2874;
Hopefully;2875;
minerals,";2876;
fast,;2877;
try;2878;
dinner;2879;
"man;2880;
/>Will;2881;
Got;2882;
187.;2883;
waste;2884;
readily;2885;
pound;2886;
rinds!;2887;
stretched,;2888;
done,;2889;
healthier;2890;
Thank;2891;
requires;2892;
1;2893;
side;2894;
NEVER;2895;
patent;2896;
Our;2897;
order,;2898;
Centipede,;2899;
perfect.;2900;
BUT....one;2901;
curative.;2902;
char.;2903;
hard.;2904;
lawn.;2905;
Japanese;2906;
recipes.;2907;
delicious.<br;2908;
permanent;2909;
Spicy,are;2910;
cool.;2911;
/>AT;2912;
you;2913;
meld;2914;
creates;2915;
mistake;2916;
block;2917;
treats;2918;
child;2919;
Blues.;2920;
bet;2921;
kitchens;2922;
Get;2923;
Infant;2924;
whether;2925;
blue;2926;
react;2927;
brusell;2928;
hexane."<br;2929;
VILE!;2930;
between;2931;
ice;2932;
coffee.;2933;
main;2934;
answer;2935;
SO;2936;
7;2937;
discovered;2938;
yr.;2939;
techniques;2940;
smell;2941;
piece.;2942;
ASHAMED;2943;
whatever;2944;
/>Definitely;2945;
around;2946;
item;2947;
type.;2948;
Wonderful;2949;
were;2950;
poops);2951;
brushing;2952;
Certain;2953;
I'll;2954;
Earth's;2955;
tastes;2956;
/>Constipation;2957;
garbage;2958;
Increasing;2959;
evacuation;2960;
make;2961;
over;2962;
burn;2963;
ingredient.;2964;
fries.;2965;
how;2966;
burning;2967;
products.;2968;
discontinue;2969;
comments;2970;
mucus.;2971;
diaphragm.;2972;
bar;2973;
solid;2974;
fight;2975;
rinds;2976;
Basically,;2977;
high,;2978;
/>as;2979;
way;2980;
added;2981;
birthday;2982;
Everyone;2983;
prefer;2984;
date.;2985;
worth;2986;
awesome!!;2987;
line-;2988;
fecal;2989;
rich;2990;
I'd;2991;
pushed;2992;
orignal;2993;
microwave!!!;2994;
before.;2995;
fact.;2996;
brands.;2997;
Maybe;2998;
assuming;2999;
cholesterol;3000;
fact;3001;
MSG;3002;
/>While;3003;
curl;3004;
tumor;3005;
white;3006;
omega-6;3007;
spicy;3008;
face.;3009;
botulism";3010;
milk.<br;3011;
listing;3012;
helpful;3013;
ready-made;3014;
pay;3015;
94%;3016;
canisters;3017;
"genetically-engineering;3018;
MUCH;3019;
also;3020;
benefits.;3021;
authentic;3022;
ever;3023;
heard;3024;
rotten;3025;
calls;3026;
salted;3027;
though.<br;3028;
sometimes;3029;
nanotechnology,;3030;
anal;3031;
forget;3032;
Cereal;3033;
folks;3034;
american;3035;
baby's;3036;
formula.;3037;
some;3038;
concrete.;3039;
commented;3040;
Melts;3041;
hopefully;3042;
eventually;3043;
haven't;3044;
fat;3045;
disappointed.;3046;
Mexicans';3047;
see:;3048;
been;3049;
"quickie";3050;
versatile...can;3051;
containers;3052;
diligence;3053;
Its;3054;
oats;3055;
within;3056;
puffy;3057;
DHA;3058;
babies;3059;
studies,;3060;
"bite.";3061;
have.;3062;
vomit.;3063;
stuff;3064;
to;3065;
unabsorbed;3066;
major;3067;
<a;3068;
min.;3069;
latter).<br;3070;
JABLUM;3071;
made;3072;
retained;3073;
calories.;3074;
hard,;3075;
19;3076;
should;3077;
similac;3078;
32oz;3079;
fruit,;3080;
ARA.;3081;
Bestseller;3082;
pops;3083;
obstruction;3084;
2006;3085;
tofu,;3086;
grass.;3087;
rapidly;3088;
Rind,;3089;
explain;3090;
evil;3091;
2000;19:584-5.<br;3092;
+;3093;
receiving;3094;
wait;3095;
Mmmmmm,good!;3096;
GMO;3097;
beans,;3098;
go;3099;
hot.;3100;
precious;3101;
okay;3102;
Never;3103;
version.;3104;
seem;3105;
grains,;3106;
Actually,;3107;
loves;3108;
fan;3109;
bags;3110;
laws<br;3111;
YUM!!;3112;
tobacco,;3113;
punch;3114;
else.;3115;
several;3116;
kinda;3117;
texture!;3118;
adjusted;3119;
dogs;3120;
either,;3121;
means;3122;
allow;3123;
(Pack;3124;
perhaps;3125;
similarly;3126;
boiled;3127;
National;3128;
simply;3129;
"no,";3130;
Love;3131;
carb;3132;
think;3133;
2:15;3134;
do;3135;
sense;3136;
tip;3137;
Ocho;3138;
(the;3139;
serving);3140;
ordered;3141;
LONGER;3142;
realized;3143;
no-one;3144;
miso;3145;
Microwave,;3146;
raise;3147;
buy."<br;3148;
popped;3149;
1:30;3150;
infant;3151;
worked;3152;
infant's;3153;
entire;3154;
increased;3155;
ahead;3156;
stooling;3157;
verde;3158;
cost.;3159;
December;3160;
statement,;3161;
Disappointed;3162;
better;3163;
season;3164;
definitely;3165;
appreciate;3166;
$30.;3167;
antioxidants;3168;
conventional;3169;
compounds;3170;
Meat;3171;
experience;3172;
spincter;3173;
diabetics(0;3174;
replacement.;3175;
syrup,;3176;
constipation;3177;
like;3178;
way.;3179;
here,;3180;
Harry;3181;
same.;3182;
drunk;3183;
been.<br;3184;
absolutely;3185;
Wallet;3186;
Although;3187;
href="http://www.amazon.com/gp/product/B000UP8QQ0">Lowrey's;3188;
solvents;3189;
equally;3190;
uses;3191;
bitter;3192;
know;3193;
BPA-free;3194;
Daughter;3195;
value;3196;
going;3197;
opposite;3198;
Easy;3199;
with;3200;
sent;3201;
did;3202;
microwaving.;3203;
cracklin;3204;
technology;3205;
Pretty;3206;
poop;3207;
Side;3208;
issue;3209;
all.;3210;
regularly;3211;
jelly;3212;
pot.;3213;
warehouse;3214;
technically;3215;
effective;3216;
pediatric;3217;
right;3218;
--;3219;
30;3220;
saw;3221;
years.;3222;
bag,;3223;
ONE***;3224;
worst;3225;
advertises;3226;
vanquish;3227;
health.<br;3228;
must.;3229;
preservatives!;3230;
practices;3231;
evacuation<br;3232;
diet,;3233;
example,;3234;
greatest;3235;
cold.;3236;
yellowing;3237;
sugar;3238;
If;3239;
convience;3240;
helping;3241;
what;3242;
ban;3243;
meconium;3244;
more.;3245;
'pops';3246;
1200;3247;
disagree;3248;
wife;3249;
soup!;3250;
"Is;3251;
movements,;3252;
Constipation!!!!!;3253;
infrequent,;3254;
yicky.;3255;
three;3256;
To;3257;
delicious;3258;
3,September;3259;
them.;3260;
(there;3261;
Solvents?;3262;
soggy.;3263;
tell;3264;
tasting,;3265;
ketchup;3266;
bottom;3267;
rectal;3268;
SHOULD;3269;
makes;3270;
